{
    "appid": "wx34a5c7d1857bd9e3",
    "compileType": "miniprogram",
    "libVersion": "2.27.0",
    "packOptions": {
        "ignore": [],
        "include": []
    },
    "setting": {
        "coverView": true,
        "es6": true,
        "postcss": true,
        "minified": true,
        "enhance": true,
        "showShadowRootInWxmlPanel": true,
        "packNpmRelationList": [],
        "babelSetting": {
            "ignore": [],
            "disablePlugins": [],
            "outputPath": ""
        },
        "ignoreUploadUnusedFiles": true
    },
    "condition": {},
    "editorSetting": {
        "tabIndent": "insertSpaces",
        "tabSize": 4
    }
}